CODE;NAME;;;
AT;Österreich;;;
AT001C;Wien;;;
AT001F;Wien;;;
AT002C;Graz;;;
AT002F;Graz;;;
AT003C;Linz;;;
AT003F;Linz;;;
AT004C;Salzburg;;;
AT004F;Salzburg;;;
AT005C;Innsbruck;;;
AT005F;Innsbruck;;;
AT006C;Klagenfurt;;;
AT006F;Klagenfurt;;;
BE;Belgique/België;;;
BE001C;Bruxelles/Brussel;;;
BE001F;Bruxelles/Brussel/Leuven;;;
BE002C;Antwerpen;;;
BE002F;Antwerpen;;;
BE003C;Gent;;;
BE003F;Gent;;;
BE004C;Charleroi;;;
BE004F;Charleroi;;;
BE005C;Liège;;;
BE005F;Liège;;;
BE006C;Brugge;;;
BE006F;Brugge;;;
BE007C;Namur;;;
BE007F;Namur;;;
BE008C;Leuven;;;
BE009C;Mons;;;
BE009F;Mons;;;
BE010C;Kortrijk;;;
BE010F;Kortrijk;;;
BE011C;Oostende;;;
BE011F;Oostende;;;
BE012C;Mechelen;;;
BE012F;Mechelen;;;
BE013C;Mouscron;;;
BE013F;Mouscron;;;
BE014C;La Louvière;;;
BE014F;La Louvière;;;
BE015C;Verviers;;;
BE015F;Verviers;;;
BG;Bulgaria;;;
BG001C;Sofia;;;
BG001F;Sofia;;;
BG002C;Plovdiv;;;
BG002F;Plovdiv;;;
BG003C;Varna;;;
BG003F;Varna;;;
BG004C;Burgas;;;
BG004F;Burgas;;;
BG005C;Pleven;;;
BG005F;Pleven;;;
BG006C;Ruse;;;
BG006F;Ruse;;;
BG007C;Vidin;;;
BG007F;Vidin;;;
BG008C;Stara Zagora;;;
BG008F;Stara Zagora;;;
BG009C;Sliven;;;
BG009F;Sliven;;;
BG010C;Dobrich;;;
BG010F;Dobrich;;;
BG011C;Shumen;;;
BG011F;Shumen;;;
BG012C;Pernik;;;
BG013C;Yambol;;;
BG013F;Yambol;;;
BG014C;Haskovo;;;
BG014F;Haskovo;;;
BG015C;Pazardzhik;;;
BG015F;Pazardzhik;;;
BG016C;Blagoevgrad;;;
BG016F;Blagoevgrad;;;
BG017C;Veliko Tarnovo;;;
BG017F;Veliko Tarnovo;;;
BG018C;Vratsa;;;
BG018F;Vratsa;;;
CH;Schweiz/Suisse;;;
CH001C;Bern;;;
CH001F;Bern;;;
CH002C;Zürich;;;
CH002F;Zürch;;;
CH003C;Genève;;;
CH003F;Genève;;;
CH003T;Genève crossborder FUA;;;
CH004C;Basel;;;
CH004F;Basel;;;
CH004T;Basel crossborder FUA;;;
CH005C;Lausanne;;;
CH005F;Lausanne;;;
CH006C;Luzern;;;
CH006F;Luzern;;;
CH007C;Winterthur;;;
CH008C;Lugano;;;
CH008F;Lugano;;;
CH009C;St. Gallen;;;
CH009F;St. Gallen;;;
CH010C;Biel/Bienne;;;
CH010F;Biel/Bienne;;;
CH011C;Thun;;;
CH012C;Zug;;;
CH012F;Zug;;;
CY;Kypros/Kibris;;;
CY001C;Lefkosia;;;
CY001F;Lefkosia;;;
CY002C;Larnaka;;;
CY002F;Larnaka;;;
CY003C;Lemesos;;;
CY003F;Lemesos;;;
CZ;Česká republika;;;
CZ001C;Praha;;;
CZ001F;Praha;;;
CZ002C;Brno;;;
CZ002F;Brno;;;
CZ003C;Ostrava;;;
CZ003F;Ostrava;;;
CZ004C;Plzeň;;;
CZ004F;Plzeň;;;
CZ005C;Ústí nad Labem;;;
CZ005F;Ustí nad Labem;;;
CZ006C;Olomouc;;;
CZ006F;Olomouc;;;
CZ007C;Liberec;;;
CZ007F;Liberec;;;
CZ008C;České Budějovice;;;
CZ008F;České Budějovice;;;
CZ009C;Hradec Králové;;;
CZ009F;Hradec Králové;;;
CZ010C;Pardubice;;;
CZ010F;Pardubice;;;
CZ011C;Zlín;;;
CZ011F;Zlín;;;
CZ012C;Kladno;;;
CZ013C;Karlovy Vary;;;
CZ013F;Karlovy Vary;;;
CZ014C;Jihlava;;;
CZ014F;Jihlava;;;
CZ015C;Havířov;;;
CZ016C;Most;;;
CZ016F;Most;;;
CZ017C;Karviná;;;
CZ018C;Chomutov-Jirkov;;;
CZ018F;Chomutov-Jirkov;;;
DE;Deutschland;;;
DE001C;Berlin;;;
DE001F;Berlin;;;
DE002C;Hamburg;;;
DE002F;Hamburg;;;
DE003C;München;;;
DE003F;München;;;
DE004C;Köln;;;
DE004F;Köln;;;
DE005C;Frankfurt am Main;;;
DE005F;Frankfurt am Main;;;
DE006C;Essen;;;
DE006F;Ruhrgebiet;;;
DE007C;Stuttgart;;;
DE007F;Stuttgart;;;
DE008C;Leipzig;;;
DE008F;Leipzig;;;
DE009C;Dresden;;;
DE009F;Dresden;;;
DE010C;Dortmund;;;
DE011C;Düsseldorf;;;
DE011F;Düsseldorf;;;
DE012C;Bremen;;;
DE012F;Bremen;;;
DE013C;Hannover;;;
DE013F;Hannover;;;
DE014C;Nürnberg;;;
DE014F;Nürnberg;;;
DE015C;Bochum;;;
DE016C;Bielefeld;;;
DE016F;Bielefeld;;;
DE017C;Halle an der Saale;;;
DE017F;Halle an der Saale;;;
DE018C;Magdeburg;;;
DE018F;Magdeburg;;;
DE019C;Wiesbaden;;;
DE019F;Wiesbaden;;;
DE020C;Göttingen;;;
DE020F;Göttingen;;;
DE021C;Mülheim a.d.Ruhr;;;
DE022C;Moers;;;
DE023C;Darmstadt;;;
DE023F;Darmstadt;;;
DE024C;Trier;;;
DE024F;Trier;;;
DE025C;Freiburg im Breisgau;;;
DE025F;Freiburg im Breisgau;;;
DE026C;Regensburg;;;
DE026F;Regensburg;;;
DE027C;Frankfurt (Oder);;;
DE027F;Frankfurt (Oder);;;
DE028C;Weimar;;;
DE028F;Weimar;;;
DE029C;Schwerin;;;
DE029F;Schwerin;;;
DE030C;Erfurt;;;
DE030F;Erfurt;;;
DE031C;Augsburg;;;
DE031F;Augsburg;;;
DE032C;Bonn;;;
DE032F;Bonn;;;
DE033C;Karlsruhe;;;
DE033F;Karlsruhe;;;
DE034C;Mönchengladbach;;;
DE034F;Mönchengladbach;;;
DE035C;Mainz;;;
DE035F;Mainz;;;
DE036C;Kiel;;;
DE036F;Kiel;;;
DE037C;Saarbrücken;;;
DE037F;Saarbrücken;;;
DE038C;Potsdam;;;
DE039C;Koblenz;;;
DE039F;Koblenz;;;
DE040C;Rostock;;;
DE040F;Rostock;;;
DE041C;Kaiserslautern;;;
DE041F;Kaiserslautern;;;
DE042C;Iserlohn;;;
DE042F;Iserlohn;;;
DE043C;Esslingen am Neckar;;;
DE044C;Hanau;;;
DE045C;Wilhelmshaven;;;
DE045F;Wilhelmshaven;;;
DE046C;Ludwigsburg;;;
DE047C;Tübingen;;;
DE047F;Tübingen;;;
DE048C;Villingen-Schwenningen;;;
DE048F;Villingen-Schwenningen;;;
DE049C;Flensburg;;;
DE049F;Flensburg;;;
DE050C;Marburg;;;
DE050F;Marburg;;;
DE051C;Konstanz;;;
DE051F;Konstanz;;;
DE052C;Neumünster;;;
DE052F;Neumünster;;;
DE053C;Brandenburg an der Havel;;;
DE053F;Brandenburg an der Havel;;;
DE054C;Gießen;;;
DE054F;Gießen;;;
DE055C;Lüneburg;;;
DE056C;Bayreuth;;;
DE056F;Bayreuth;;;
DE057C;Celle;;;
DE057F;Celle;;;
DE058C;Aschaffenburg;;;
DE058F;Aschaffenburg;;;
DE059C;Bamberg;;;
DE059F;Bamberg;;;
DE060C;Plauen;;;
DE060F;Plauen;;;
DE061C;Neubrandenburg;;;
DE061F;Neubrandenburg;;;
DE062C;Fulda;;;
DE062F;Fulda;;;
DE063C;Kempten (Allgäu);;;
DE063F;Kempten (Allgäu);;;
DE064C;Landshut;;;
DE064F;Landshut;;;
DE065C;Sindelfingen;;;
DE066C;Rosenheim;;;
DE066F;Rosenheim;;;
DE067C;Frankenthal (Pfalz);;;
DE068C;Stralsund;;;
DE068F;Stralsund;;;
DE069C;Friedrichshafen;;;
DE069F;Friedrichshafen;;;
DE070C;Offenburg;;;
DE070F;Offenburg;;;
DE071C;Görlitz;;;
DE071F;Görlitz;;;
DE072C;Sankt Augustin;;;
DE073C;Neu-Ulm;;;
DE074C;Schweinfurt;;;
DE074F;Schweinfurt;;;
DE075C;Greifswald;;;
DE075F;Greifswald;;;
DE076C;Wetzlar;;;
DE076F;Wetzlar;;;
DE077C;Speyer;;;
DE077F;Speyer;;;
DE078C;Passau;;;
DE078F;Passau;;;
DE079C;Dessau-Roßlau;;;
DE079F;Dessau-Roßlau;;;
DE080C;Duisburg;;;
DE081C;Mannheim;;;
DE081F;Mannheim-Ludwigshafen;;;
DE082C;Gelsenkirchen;;;
DE083C;Münster;;;
DE083F;Münster;;;
DE084C;Chemnitz;;;
DE084F;Chemnitz;;;
DE085C;Braunschweig;;;
DE085F;Braunschweig-Salzgitter;;;
DE086C;Aachen;;;
DE086F;Aachen;;;
DE087C;Krefeld;;;
DE087F;Krefeld;;;
DE088C;Oberhausen;;;
DE089C;Lübeck;;;
DE089F;Lübeck;;;
DE090C;Hagen;;;
DE091C;Kassel;;;
DE091F;Kassel;;;
DE092C;Hamm;;;
DE093C;Herne;;;
DE094C;Solingen;;;
DE094F;Solingen;;;
DE095C;Osnabrück;;;
DE095F;Osnabrück;;;
DE096C;Ludwigshafen am Rhein;;;
DE097C;Leverkusen;;;
DE098C;Oldenburg (Oldenburg);;;
DE098F;Oldenburg (Oldenburg);;;
DE099C;Neuss;;;
DE100C;Heidelberg;;;
DE100F;Heidelberg;;;
DE101C;Paderborn;;;
DE101F;Paderborn;;;
DE102C;Würzburg;;;
DE102F;Würzburg;;;
DE103C;Recklinghausen;;;
DE104C;Wolfsburg;;;
DE104F;Wolfsburg;;;
DE105C;Bremerhaven;;;
DE105F;Bremerhaven;;;
DE106C;Bottrop;;;
DE107C;Heilbronn;;;
DE107F;Heilbronn;;;
DE108C;Remscheid;;;
DE108F;Remscheid;;;
DE109C;Offenbach am Main;;;
DE110C;Ulm;;;
DE110F;Ulm;;;
DE111C;Pforzheim;;;
DE111F;Pforzheim;;;
DE112C;Ingolstadt;;;
DE112F;Ingolstadt;;;
DE113C;Gera;;;
DE113F;Gera;;;
DE114C;Salzgitter;;;
DE115C;Reutlingen;;;
DE115F;Reutlingen;;;
DE116C;Fürth;;;
DE117C;Cottbus;;;
DE117F;Cottbus;;;
DE118C;Siegen;;;
DE118F;Siegen;;;
DE119C;Bergisch Gladbach;;;
DE120C;Hildesheim;;;
DE120F;Hildesheim;;;
DE121C;Witten;;;
DE122C;Zwickau;;;
DE122F;Zwickau;;;
DE123C;Erlangen;;;
DE123F;Erlangen;;;
DE124C;Wuppertal;;;
DE124F;Wuppertal;;;
DE125C;Jena;;;
DE125F;Jena;;;
DE126C;Düren, Stadt;;;
DE126F;Düren, Stadt;;;
DE127C;Bocholt, Stadt;;;
DE127F;Bocholt, Stadt;;;
DK;Danmark;;;
DK001C;København;;;
DK001F;København;;;
DK002C;Århus;;;
DK002F;Århus;;;
DK003C;Odense;;;
DK003F;Odense;;;
DK004C;Aalborg;;;
DK004F;Aalborg;;;
EE;Eesti;;;
EE001C;Tallinn;;;
EE001F;Tallinn;;;
EE002C;Tartu;;;
EE002F;Tartu;;;
EE003C;Narva;;;
EE003F;Narva;;;
EL;Hellas/Greece;;;
EL001C ;Athina;;;
EL001F;Athina;;;
EL002C;Thessaloniki;;;
EL002F;Thessaloniki;;;
EL003C;Pátra;;;
EL003F;Pátra       ;;;
EL004C;Irakleio;;;
EL004F;Irakleio     ;;;
EL005C;Larisa;;;
EL005F;Larisa     ;;;
EL006C;Volos;;;
EL006F;Volos;;;
EL007C;Ioannina;;;
EL007F;Ioannina;;;
EL008C;Kavala;;;
EL008F;Kavala;;;
EL009C;Kalamata;;;
EL009F;Kalamata;;;
EL010C;Trikala;;;
EL010F;Trikala;;;
EL011C;Serres;;;
EL011F;Serres;;;
EL012C;Katerini;;;
EL012F;Katerini;;;
EL013C;Xanthi;;;
EL013F;Xanthi;;;
EL014C;Chania;;;
EL014F;Chania;;;
ES;España;;;
ES001C;Madrid;;;
ES001F;Madrid;;;
ES002C;Barcelona;;;
ES002F;Barcelona;;;
ES003C;Valencia;;;
ES003F;Valencia;;;
ES004C;Sevilla;;;
ES004F;Sevilla;;;
ES005C;Zaragoza;;;
ES005F;Zaragoza;;;
ES006C;Málaga;;;
ES006F;Málaga;;;
ES007C;Murcia;;;
ES007F;Murcia;;;
ES008C;Las Palmas;;;
ES008F;Palmas de Gran Canaria, Las;;;
ES009C;Valladolid;;;
ES009F;Valladolid;;;
ES010C;Palma de Mallorca;;;
ES010F;Palma de Mallorca;;;
ES011C;Santiago de Compostela;;;
ES011F;Santiago de Compostela;;;
ES012C;Vitoria/Gasteiz;;;
ES012F;Vitoria/Gasteiz;;;
ES013C;Oviedo;;;
ES013F;Oviedo;;;
ES014C;Pamplona/Iruña;;;
ES014F;Pamplona/Iruña;;;
ES015C;Santander;;;
ES015F;Santander;;;
ES016C;Toledo;;;
ES016F;Toledo;;;
ES017C;Badajoz;;;
ES017F;Badajoz;;;
ES018C;Logroño;;;
ES018F;Logroño;;;
ES019C;Bilbao;;;
ES019F;Bilbao;;;
ES020C;Córdoba;;;
ES020F;Córdoba;;;
ES021C;Alicante/Alacant;;;
ES021F;Alicante/Alacant;;;
ES022C;Vigo;;;
ES022F;Vigo;;;
ES023C;Gijón;;;
ES023F;Gijón;;;
ES024C;Santa Cruz de Tenerife;;;
ES024F;Santa Cruz de Tenerife;;;
ES025C;A Coruña;;;
ES025F;A Coruña;;;
ES026C;Reus;;;
ES026F;Reus;;;
ES027C;Telde;;;
ES028C;Lugo;;;
ES028F;Lugo;;;
ES029C;San Fernando;;;
ES030C;Girona;;;
ES030F;Girona;;;
ES031C;Cáceres;;;
ES031F;Cáceres;;;
ES032C;Torrevieja;;;
ES032F;Torrevieja;;;
ES033C;Puerto de Santa María, El;;;
ES033F;Puerto de Santa María, El;;;
ES034C;Avilés;;;
ES034F;Avilés;;;
ES035C;Talavera de la Reina;;;
ES035F;Talavera de la Reina;;;
ES036C;Palencia;;;
ES036F;Palencia;;;
ES037C;Ferrol;;;
ES037F;Ferrol;;;
ES038C;Pontevedra;;;
ES038F;Pontevedra;;;
ES039C;Ceuta;;;
ES039F;Ceuta;;;
ES040C;Gandia;;;
ES040F;Gandia;;;
ES041C;Guadalajara;;;
ES041F;Guadalajara;;;
ES042C;Manresa;;;
ES042F;Manresa;;;
ES043C;Ciudad Real;;;
ES043F;Ciudad Real;;;
ES044C;Benidorm;;;
ES044F;Benidorm;;;
ES045C;Melilla;;;
ES045F;Melilla;;;
ES046C;Ponferrada;;;
ES046F;Ponferrada;;;
ES047C;Zamora;;;
ES047F;Zamora;;;
ES048C;Fuengirola;;;
ES049C;Sanlúcar de Barrameda;;;
ES049F;Sanlúcar de Barrameda;;;
ES050C;Vilanova i la Geltrú;;;
ES051C;Línea de la Concepción, La;;;
ES051F;Línea de la Concepción, La;;;
ES052C;Torremolinos;;;
ES053C;Irun;;;
ES053F;Irun;;;
ES054C;Granollers;;;
ES055C;Arrecife;;;
ES055F;Arrecife;;;
ES056C;Elda;;;
ES056F;Elda;;;
ES057C;Santa Lucía de Tirajana;;;
ES057F;Santa Lucía de Tirajana;;;
ES058C;Mollet del Vallès;;;
ES059C;Granada;;;
ES059F;Granada;;;
ES060C;Elche/Elx;;;
ES060F;Elche/Elx;;;
ES061C;Cartagena;;;
ES061F;Cartagena;;;
ES062C;Jerez de la Frontera;;;
ES062F;Jerez de la Frontera;;;
ES063C;San Sebastián/Donostia;;;
ES063F;San Sebastián/Donostia;;;
ES064C;Alcalá de Henares;;;
ES065C;Almería;;;
ES065F;Almería;;;
ES066C;Burgos;;;
ES066F;Burgos;;;
ES067C;Salamanca;;;
ES067F;Salamanca;;;
ES068C;Albacete;;;
ES068F;Albacete;;;
ES069C;Castellón de la Plana/Castelló de la Plana;;;
ES069F;Castellón de la Plana/Castelló de la Plana;;;
ES070C;Huelva;;;
ES070F;Huelva;;;
ES071C;Cádiz;;;
ES071F;Cádiz;;;
ES072C;León;;;
ES072F;León;;;
ES073C;Tarragona;;;
ES073F;Tarragona;;;
ES074C;Jaén;;;
ES074F;Jaén;;;
ES075C;Lleida;;;
ES075F;Lleida;;;
ES076C;Ourense;;;
ES076F;Ourense;;;
ES077C;Mataró;;;
ES078C;Dos Hermanas;;;
ES079C;Algeciras;;;
ES079F;Algeciras;;;
ES080C;Marbella;;;
ES080F;Marbella;;;
ES081C;Torrejón de Ardoz;;;
ES082C;Alcalá de Guadaíra;;;
ES083C;Alcoy;;;
ES083F;Alcoy;;;
ES084C;Ávila;;;
ES084F;Ávila;;;
ES085C;Benalmádena;;;
ES086C;Chiclana de la Frontera;;;
ES086F;Chiclana de la Frontera;;;
ES087C;Collado Villalba;;;
ES088C;Cuenca;;;
ES088F;Cuenca;;;
ES089C;Eivissa;;;
ES089F;Eivissa;;;
ES090C;Linares;;;
ES090F;Linares;;;
ES091C;Lorca;;;
ES091F;Lorca;;;
ES092C;Mérida;;;
ES092F;Mérida;;;
ES093C;Sagunto;;;
ES093F;Sagunto;;;
ES094C;Torrelavega;;;
ES095C;Valdemoro;;;
ES096C;Puerto de la Cruz;;;
ES096F;Puerto de la Cruz;;;
ES097C;Igualada;;;
ES097F;Igualada;;;
ES098C;San Vicente del Raspeig/Sant Vicent del Raspeig;;;
FI;Suomi/Finland;;;
FI001C;Helsinki/Helsingfors;;;
FI001F;Helsinki/Helsingfors;;;
FI002C;Tampere/Tammerfors;;;
FI002F;Tampere/Tammerfors;;;
FI003C;Turku/Åbo;;;
FI003F;Turku/Åbo;;;
FI004C;Oulu/Uleåborg;;;
FI004F;Oulu/Uleåborg;;;
FI005C;Espoo/Esbo;;;
FI006C;Vantaa/Vanda;;;
FI007C;Lahti/Lahtis;;;
FI007F;Lahti/Lahtis;;;
FI008C;Kuopio;;;
FI008F;Kuopio;;;
FI009C;Jyväskylä;;;
FI009F;Jyväskylä;;;
FR;France;;;
FR001C;Paris;;;
FR001F;Paris;;;
FR002C;Lyon;;;
FR002F;Lyon;;;
FR003C;Lille;;;
FR003F;Lille;;;
FR004C;Marseille;;;
FR004F;Marseille;;;
FR005C;Bordeaux;;;
FR005F;Bordeaux;;;
FR006C;Toulouse;;;
FR006F;Toulouse;;;
FR007C;Nantes;;;
FR007F;Nantes;;;
FR008C;Nice;;;
FR008F;Nice;;;
FR009C;Strasbourg;;;
FR009F;Strasbourg;;;
FR010C;Rouen;;;
FR010F;Rouen;;;
FR011C;Montpellier;;;
FR011F;Montpellier;;;
FR012C;Grenoble;;;
FR012F;Grenoble;;;
FR013C;Tours;;;
FR013F;Tours;;;
FR014C;Cannes-Antibes;;;
FR014F;Cannes-Antibes;;;
FR015C;Toulon;;;
FR015F;Toulon;;;
FR016C;Rennes;;;
FR016F;Rennes;;;
FR017C;Reims;;;
FR017F;Reims;;;
FR018C;Orléans;;;
FR018F;Orléans;;;
FR019C;Nancy;;;
FR019F;Nancy;;;
FR020C;Dijon;;;
FR020F;Dijon;;;
FR021C;Clermont-Ferrand;;;
FR021F;Clermont-Ferrand;;;
FR022C;Le Havre;;;
FR022F;Le Havre;;;
FR023C;Saint-Étienne;;;
FR023F;Saint-Étienne;;;
FR024C;Angers;;;
FR024F;Angers;;;
FR025C;Mulhouse;;;
FR025F;Mulhouse;;;
FR026C;Lens;;;
FR026F;Lens;;;
FR027C;Metz;;;
FR027F;Metz;;;
FR028C;Nîmes;;;
FR028F;Nîmes;;;
FR029C;Le Mans;;;
FR029F;Le Mans;;;
FR030C;Saint-Denis;;;
FR030F;Saint-Denis;;;
FR031C;Caen;;;
FR031F;Caen;;;
FR032C;Limoges;;;
FR032F;Limoges;;;
FR033C;Aix-en-Provence;;;
FR034C;Brest;;;
FR034F;Brest;;;
FR035C;Amiens;;;
FR035F;Amiens;;;
FR036C;Dunkerque;;;
FR036F;Dunkerque;;;
FR037C;Perpignan;;;
FR037F;Perpignan;;;
FR038C;Annecy;;;
FR038F;Annecy;;;
FR039C;Besançon;;;
FR039F;Besançon;;;
FR040C;Bayonne;;;
FR040F;Bayonne;;;
FR041C;La Seyne-sur-Mer;;;
FR042C;Pau;;;
FR042F;Pau;;;
FR043C;Avignon;;;
FR043F;Avignon;;;
FR044C;Troyes;;;
FR044F;Troyes;;;
FR045C;Valenciennes;;;
FR045F;Valenciennes;;;
FR046C;Fort-de-France;;;
FR046F;Fort-de-France;;;
FR047C;Poitiers;;;
FR047F;Poitiers;;;
FR048C;Valence;;;
FR048F;Valence;;;
FR049C;Fréjus;;;
FR049F;Fréjus;;;
FR050C;Chambéry;;;
FR050F;Chambéry;;;
FR051C;Mantes-la-Jolie;;;
FR052C;Douai;;;
FR052F;Douai;;;
FR053C;Melun;;;
FR054C;La Rochelle;;;
FR054F;La Rochelle;;;
FR055C;Lorient;;;
FR055F;Lorient;;;
FR056C;Cherbourg-en-Cotentin;;;
FR056F;Cherbourg-en-Cotentin;;;
FR057C;Béziers;;;
FR057F;Béziers;;;
FR058C;Chartres;;;
FR058F;Chartres;;;
FR059C;Creil;;;
FR060C;Boulogne-sur-Mer;;;
FR060F;Boulogne-sur-mer;;;
FR061C;Calais;;;
FR061F;Calais;;;
FR062C;Mamoudzou;;;
FR062F;Mamoudzou;;;
FR063C;Montbéliard;;;
FR063F;Montbéliard;;;
FR064C;Arras;;;
FR064F;Arras;;;
FR065C;Colmar;;;
FR065F;Colmar;;;
FR066C;Martigues;;;
FR067C;Meaux;;;
FR068C;Bourges;;;
FR068F;Bourges;;;
FR069C;Saint-Brieuc;;;
FR069F;Saint-Brieuc;;;
FR070C;Quimper;;;
FR070F;Quimper;;;
FR071C;Belfort;;;
FR071F;Belfort;;;
FR072C;Cayenne;;;
FR072F;Cayenne;;;
FR073C;Hayange;;;
FR073F;Hayange;;;
FR074C;Saint-Louis;;;
FR074F;Saint-Louis;;;
FR075C;Vannes;;;
FR075F;Vannes;;;
FR076C;Annemasse-Geneva (French part);;;
FR076F;Annemasse-Geneva (French part);;;
FR077C;Saint-Louis-Bâle (French part);;;
FR077F;Saint-Louis-Bâle (French part);;;
HR;Hrvatska;;;
HR001C;Zagreb;;;
HR001F;Zagreb;;;
HR002C;Rijeka;;;
HR002F;Rijeka;;;
HR003C;Slavonski Brod;;;
HR003F;Slavonski Brod;;;
HR004C;Osijek;;;
HR004F;Osijek;;;
HR005C;Split;;;
HR005F;Split;;;
HR006C;Pula/Pola;;;
HR006F;Pula/Pola;;;
HR007C;Zadar;;;
HR007F;Zadar;;;
HU;Magyarország;;;
HU001C;Budapest;;;
HU001F;Budapest;;;
HU002C;Miskolc;;;
HU002F;Miskolc;;;
HU003C;Nyíregyháza;;;
HU003F;Nyíregyháza;;;
HU004C;Pécs;;;
HU004F;Pécs;;;
HU005C;Debrecen;;;
HU005F;Debrecen;;;
HU006C;Szeged;;;
HU006F;Szeged;;;
HU007C;Gyõr;;;
HU007F;Győr;;;
HU008C;Kecskemét;;;
HU008F;Kecskemét;;;
HU009C;Székesfehérvár;;;
HU009F;Székesfehérvár;;;
HU010C;Szombathely;;;
HU010F;Szombathely;;;
HU011C;Szolnok;;;
HU011F;Szolnok;;;
HU012C;Tatabánya;;;
HU012F;Tatabánya;;;
HU013C;Veszprém;;;
HU013F;Veszprém;;;
HU014C;Békéscsaba;;;
HU014F;Békéscsaba;;;
HU015C;Kaposvár;;;
HU015F;Kaposvár;;;
HU016C;Eger;;;
HU016F;Eger;;;
HU017C;Dunaújváros;;;
HU017F;Dunaújváros;;;
HU018C;Zalaegerszeg;;;
HU018F;Zalaegerszeg;;;
HU019C;Sopron;;;
HU019F;Sopron;;;
IE;Ireland;;;
IE001C;Dublin;;;
IE001F;Dublin;;;
IE002C;Cork;;;
IE002F;Cork;;;
IE003C;Limerick;;;
IE003F;Limerick;;;
IE004C;Galway;;;
IE004F;Galway;;;
IE005C;Waterford;;;
IE005F;Waterford;;;
IS;íslandi;;;
IS001C;Reykjavík;;;
IS001F;Reykjavík;;;
IT;Italia;;;
IT001C;Roma;;;
IT001F;Roma;;;
IT002C;Milano;;;
IT002F;Milano;;;
IT003C;Napoli;;;
IT003F;Napoli;;;
IT004C;Torino;;;
IT004F;Torino;;;
IT005C;Palermo;;;
IT005F;Palermo;;;
IT006C;Genova;;;
IT006F;Genova;;;
IT007C;Firenze;;;
IT007F;Firenze;;;
IT008C;Bari;;;
IT008F;Bari;;;
IT009C;Bologna;;;
IT009F;Bologna;;;
IT010C;Catania;;;
IT010F;Catania;;;
IT011C;Venezia;;;
IT011F;Venezia;;;
IT012C;Verona;;;
IT012F;Verona;;;
IT013C;Cremona;;;
IT013F;Cremona;;;
IT014C;Trento;;;
IT014F;Trento;;;
IT015C;Trieste;;;
IT015F;Trieste;;;
IT016C;Perugia;;;
IT016F;Perugia;;;
IT017C;Ancona;;;
IT017F;Ancona;;;
IT018C;Pescara;;;
IT018F;Pescara;;;
IT019C;Campobasso;;;
IT019F;Campobasso;;;
IT020C;Caserta;;;
IT020F;Caserta;;;
IT021C;Taranto;;;
IT021F;Taranto;;;
IT022C;Potenza;;;
IT022F;Potenza;;;
IT023C;Catanzaro;;;
IT023F;Catanzaro;;;
IT024C;Reggio di Calabria;;;
IT024F;Reggio di Calabria;;;
IT025C;Sassari;;;
IT025F;Sassari;;;
IT026C;Cagliari;;;
IT026F;Cagliari;;;
IT027C;Padova;;;
IT027F;Padova;;;
IT028C;Brescia;;;
IT028F;Brescia;;;
IT029C;Modena;;;
IT029F;Modena;;;
IT030C;Foggia;;;
IT030F;Foggia;;;
IT031C;Salerno;;;
IT031F;Salerno;;;
IT032C;Piacenza;;;
IT032F;Piacenza;;;
IT033C;Bolzano;;;
IT033F;Bolzano;;;
IT034C;Udine;;;
IT034F;Udine;;;
IT035C;La Spezia;;;
IT035F;La Spezia;;;
IT036C;Lecce;;;
IT036F;Lecce;;;
IT037C;Barletta;;;
IT037F;Barletta;;;
IT038C;Pesaro;;;
IT038F;Pesaro;;;
IT039C;Como;;;
IT039F;Como;;;
IT040C;Pisa;;;
IT040F;Pisa;;;
IT041C;Treviso;;;
IT041F;Treviso;;;
IT042C;Varese;;;
IT042F;Varese;;;
IT043C;Asti;;;
IT043F;Asti;;;
IT044C;Pavia;;;
IT044F;Pavia;;;
IT045C;Massa;;;
IT045F;Massa;;;
IT046C;Cosenza;;;
IT046F;Cosenza;;;
IT047C;Savona;;;
IT047F;Savona;;;
IT048C;Matera;;;
IT048F;Matera;;;
IT049C;Acireale;;;
IT049F;Acireale;;;
IT050C;Avellino;;;
IT050F;Avellino;;;
IT051C;Pordenone;;;
IT051F;Pordenone;;;
IT052C;Lecco;;;
IT052F;Lecco;;;
IT053C;Altamura;;;
IT053F;Altamura;;;
IT054C;Bitonto;;;
IT055C;Molfetta;;;
IT056C;Battipaglia;;;
IT056F;Battipaglia;;;
IT057C;Bisceglie;;;
IT057F;Bisceglie;;;
IT058C;Carpi;;;
IT058F;Carpi;;;
IT059C;Cerignola;;;
IT059F;Cerignola;;;
IT060C;Gela;;;
IT060F;Gela;;;
IT061C;Bagheria;;;
IT062C;Anzio;;;
IT063C;Sassuolo;;;
IT063F;Sassuolo;;;
IT064C;Messina;;;
IT064F;Messina;;;
IT065C;Prato;;;
IT065F;Prato;;;
IT066C;Parma;;;
IT066F;Parma;;;
IT067C;Livorno;;;
IT067F;Livorno;;;
IT068C;Reggio nell'Emilia;;;
IT068F;Reggio nell'Emilia;;;
IT069C;Ravenna;;;
IT069F;Ravenna;;;
IT070C;Ferrara;;;
IT070F;Ferrara;;;
IT071C;Rimini;;;
IT071F;Rimini;;;
IT072C;Siracusa;;;
IT072F;Siracusa;;;
IT073C;Bergamo;;;
IT073F;Bergamo;;;
IT074C;Forlì;;;
IT074F;Forlì;;;
IT075C;Latina;;;
IT075F;Latina;;;
IT076C;Vicenza;;;
IT076F;Vicenza;;;
IT077C;Terni;;;
IT077F;Terni;;;
IT078C;Novara;;;
IT078F;Novara;;;
IT079C;Alessandria;;;
IT079F;Alessandria;;;
IT080C;Arezzo;;;
IT080F;Arezzo;;;
IT081C;Grosseto;;;
IT081F;Grosseto;;;
IT082C;Brindisi;;;
IT082F;Brindisi;;;
IT083C;Trapani;;;
IT083F;Trapani;;;
IT084C;Ragusa;;;
IT084F;Ragusa;;;
IT085C;Andria;;;
IT085F;Andria;;;
IT086C;Trani;;;
IT086F;Trani;;;
IT087C;L'Aquila;;;
IT087F;L'Aquila;;;
LT;Lietuva;;;
LT001C;Vilnius;;;
LT001F;Vilnius;;;
LT002C;Kaunas;;;
LT002F;Kaunas;;;
LT003C;Panevėžys;;;
LT003F;Panevėžys;;;
LT004C;Alytus;;;
LT004F;Alytus;;;
LT005C;Klaipėda;;;
LT005F;Klaipėda;;;
LT006C;Šiauliai;;;
LT006F;Šiauliai;;;
LU;Lëtzebuerg/Luxembourg;;;
LU001C;Luxembourg;;;
LU001F;Luxembourg;;;
LV;Latvija;;;
LV001C;Rīga;;;
LV001F;Rīga;;;
LV002C;Liepāja;;;
LV002F;Liepāja;;;
LV003C;Jelgava;;;
LV003F;Jelgava;;;
LV004C;Daugavpils;;;
LV004F;Daugavpils;;;
LV005C;Jūrmala;;;
LV006C;Ventspils;;;
LV007C;Rēzekne;;;
LV008C;Valmiera;;;
LV009C;Jēkabpils;;;
LV010C;Ogre;;;
MT;Malta;;;
MT001C;Greater Valletta;;;
MT001F;Malta;;;
NL;Nederland;;;
NL001C;Amsterdam;;;
NL001F;Amsterdam;;;
NL002C;Alkmaar ;;;
NL002F;Alkmaar;;;
NL003C;Almelo;;;
NL003F;Almelo;;;
NL004C;Almere;;;
NL005C;Alphen aan den Rijn;;;
NL005F;Alphen aan den Rijn;;;
NL006C;Amersfoort;;;
NL006F;Amersfoort;;;
NL007C;Apeldoorn;;;
NL007F;Apeldoorn;;;
NL008C;Arnhem ;;;
NL008F;Arnhem ;;;
NL009C;Assen;;;
NL009F;Assen;;;
NL010C;Bergen op Zoom;;;
NL010F;Bergen op Zoom;;;
NL011C;Breda;;;
NL011F;Breda;;;
NL012C;Deventer;;;
NL012F;Deventer;;;
NL013C;Ede ;;;
NL013F;Ede ;;;
NL014C;Eindhoven ;;;
NL014F;Eindhoven ;;;
NL015C;Enschede;;;
NL015F;Enschede;;;
NL016C;Gouda;;;
NL016F;Gouda;;;
NL017C;'s-Gravenhage ;;;
NL017F;'s-Gravenhage ;;;
NL018C;Groningen;;;
NL018F;Groningen;;;
NL019C;Haarlem ;;;
NL020C;Haarlemmermeer;;;
NL021C;Heemskerk ;;;
NL022C;Heerlen ;;;
NL022F;Heerlen;;;
NL023C;Helmond;;;
NL024C;Hengelo;;;
NL025C;'s-Hertogenbosch;;;
NL025F;'s-Hertogenbosch;;;
NL026C;Hilversum;;;
NL027C;Hoorn;;;
NL028C;Leeuwarden;;;
NL028F;Leeuwarden;;;
NL029C;Leiden ;;;
NL029F;Leiden ;;;
NL030C;Lelystad;;;
NL030F;Lelystad;;;
NL031C;Maastricht;;;
NL031F;Maastricht;;;
NL032C;Middelburg       ;;;
NL032F;Middelburg       ;;;
NL033C;Nijmegen;;;
NL033F;Nijmegen;;;
NL034C;Nissewaard ;;;
NL035C;Oss;;;
NL035F;Oss;;;
NL036C;Purmerend;;;
NL037C;Rotterdam ;;;
NL037F;Rotterdam ;;;
NL038C;Roosendaal;;;
NL038F;Roosendaal;;;
NL039C;Sittard-Geleen ;;;
NL039F;Sittard-Geleen ;;;
NL040C;Soest ;;;
NL040F;Soest ;;;
NL041C;Tilburg;;;
NL041F;Tilburg;;;
NL042C;Utrecht ;;;
NL042F;Utrecht ;;;
NL043C;Veenendaal;;;
NL043F;Veenendaal;;;
NL044C;Venlo;;;
NL044F;Venlo;;;
NL045C;Zaanstad;;;
NL046C;Zoetermeer;;;
NL047C;Zwolle;;;
NL047F;Zwolle;;;
NO;Norge;;;
NO001C;Oslo;;;
NO001F;Oslo;;;
NO002C;Bergen;;;
NO002F;Bergen;;;
NO003C;Trondheim;;;
NO003F;Trondheim;;;
NO004C;Stavanger;;;
NO004F;Stavanger;;;
PL;Polska;;;
PL001C;Warszawa;;;
PL001F;Warszawa;;;
PL002C;Łódź;;;
PL002F;Łódź;;;
PL003C;Kraków;;;
PL003F;Kraków;;;
PL004C;Wrocław;;;
PL004F;Wrocław;;;
PL005C;Poznań;;;
PL005F;Poznań;;;
PL006C;Gdańsk;;;
PL006F;Gdańsk;;;
PL007C;Szczecin;;;
PL007F;Szczecin;;;
PL008C;Bydgoszcz;;;
PL008F;Bydgoszcz;;;
PL009C;Lublin;;;
PL009F;Lublin;;;
PL010C;Katowice;;;
PL010F;Katowice;;;
PL011C;Białystok;;;
PL011F;Białystok;;;
PL012C;Kielce;;;
PL012F;Kielce;;;
PL013C;Toruń;;;
PL013F;Toruń;;;
PL014C;Olsztyn;;;
PL014F;Olsztyn;;;
PL015C;Rzeszów;;;
PL015F;Rzeszów;;;
PL016C;Opole;;;
PL016F;Opole;;;
PL017C;Gorzów Wielkopolski;;;
PL017F;Gorzów Wielkopolski;;;
PL018C;Zielona Góra;;;
PL018F;Zielona Góra;;;
PL019C;Jelenia Góra;;;
PL019F;Jelenia Góra;;;
PL020C;Nowy Sącz;;;
PL020F;Nowy Sącz;;;
PL021C;Suwałki;;;
PL021F;Suwałki;;;
PL022C;Konin;;;
PL022F;Konin;;;
PL023C;Żory;;;
PL024C;Częstochowa;;;
PL024F;Częstochowa;;;
PL025C;Radom;;;
PL025F;Radom;;;
PL026C;Płock;;;
PL026F;Płock;;;
PL027C;Kalisz;;;
PL027F;Kalisz;;;
PL028C;Koszalin;;;
PL028F;Koszalin;;;
PL029C;Słupsk;;;
PL029F;Słupsk;;;
PL030C;Jastrzębie-Zdrój;;;
PL030F;Jastrzębie-Zdrój;;;
PL031C;Siedlce;;;
PL031F;Siedlce;;;
PL032C;Piotrków Trybunalski;;;
PL032F;Piotrków Trybunalski;;;
PL033C;Lubin;;;
PL033F;Lubin;;;
PL034C;Piła;;;
PL034F;Piła;;;
PL035C;Inowrocław;;;
PL035F;Inowrocław;;;
PL036C;Ostrowiec Świętokrzyski;;;
PL036F;Ostrowiec Świętokrzyski;;;
PL037C;Gniezno;;;
PL037F;Gniezno;;;
PL038C;Stargard;;;
PL038F;Stargard;;;
PL039C;Ostrów Wielkopolski;;;
PL039F;Ostrów Wielkopolski;;;
PL040C;Przemyśl;;;
PL040F;Przemyśl;;;
PL041C;Zamość;;;
PL041F;Zamość;;;
PL042C;Chełm;;;
PL042F;Chełm;;;
PL043C;Pabianice;;;
PL043F;Pabianice;;;
PL044C;Głogów;;;
PL044F;Głogów;;;
PL045C;Stalowa Wola;;;
PL045F;Stalowa Wola;;;
PL046C;Tomaszów Mazowiecki;;;
PL046F;Tomaszów Mazowiecki;;;
PL047C;Łomża;;;
PL047F;Łomża;;;
PL048C;Leszno;;;
PL048F;Leszno;;;
PL049C;Świdnica;;;
PL049F;Świdnica;;;
PL050C;Zgierz;;;
PL051C;Tczew;;;
PL051F;Tczew;;;
PL052C;Ełk;;;
PL052F;Ełk;;;
PL053C;Gdynia;;;
PL054C;Sosnowiec;;;
PL055C;Gliwice;;;
PL056C;Zabrze;;;
PL057C;Bytom;;;
PL058C;Bielsko-Biała;;;
PL058F;Bielsko-Biała;;;
PL059C;Ruda Śląska;;;
PL060C;Rybnik;;;
PL060F;Rybnik;;;
PL061C;Tychy;;;
PL062C;Wałbrzych;;;
PL062F;Wałbrzych;;;
PL063C;Elbląg;;;
PL063F;Elbląg;;;
PL064C;Włocławek;;;
PL064F;Włocławek;;;
PL065C;Tarnów;;;
PL065F;Tarnów;;;
PL066C;Chorzów;;;
PL067C;Legnica;;;
PL067F;Legnica;;;
PL068C;Grudziądz;;;
PL068F;Grudziądz;;;
PT;Portugal;;;
PT001C;Lisboa;;;
PT001F;Lisboa;;;
PT002C;Porto;;;
PT002F;Porto;;;
PT003C;Braga;;;
PT003F;Braga;;;
PT004C;Funchal;;;
PT004F;Funchal;;;
PT005C;Coimbra;;;
PT005F;Coimbra;;;
PT006C;Setúbal;;;
PT007C;Ponta Delgada;;;
PT007F;Ponta Delgada;;;
PT008C;Aveiro;;;
PT008F;Aveiro;;;
PT009C;Faro;;;
PT009F;Faro;;;
PT010C;Viseu;;;
PT010F;Viseu;;;
PT011C;Viana do Castelo;;;
PT011F;Viana do Castelo;;;
PT012C;Paredes;;;
PT013C;Póvoa de Varzim;;;
PT013F;Póvoa de Varzim;;;
PT014C;Sintra;;;
PT015C;Guimarães;;;
PT015F;Guimarães;;;
PT016C;Vila Franca de Xira;;;
RO;România;;;
RO001C;Bucureşti;;;
RO001F;Bucureşti;;;
RO002C;Cluj-Napoca;;;
RO002F;Cluj-Napoca;;;
RO003C;Timişoara;;;
RO003F;Timişoara;;;
RO004C;Craiova;;;
RO004F;Craiova;;;
RO005C;Brăila;;;
RO005F;Brăila;;;
RO006C;Oradea;;;
RO006F;Oradea;;;
RO007C;Bacău;;;
RO007F;Bacău;;;
RO008C;Arad;;;
RO008F;Arad;;;
RO009C;Sibiu;;;
RO009F;Sibiu;;;
RO010C;Târgu Mureş;;;
RO010F;Târgu Mureş;;;
RO011C;Piatra Neamţ;;;
RO011F;Piatra Neamţ;;;
RO012C;Cǎlǎraşi;;;
RO012F;Cǎlǎraşi;;;
RO013C;Giurgiu;;;
RO013F;Giurgiu;;;
RO014C;Alba Iulia;;;
RO014F;Alba Iulia;;;
RO015C;Focşani;;;
RO015F;Focşani;;;
RO016C;Târgu Jiu;;;
RO016F;Târgu Jiu;;;
RO017C;Tulcea;;;
RO017F;Tulcea;;;
RO018C;Târgovişte;;;
RO018F;Târgovişte;;;
RO019C;Slatina;;;
RO019F;Slatina;;;
RO020C;Bârlad;;;
RO020F;Bârlad;;;
RO021C;Roman;;;
RO021F;Roman;;;
RO022C;Bistriţa;;;
RO022F;Bistriţa;;;
RO023C;Constanţa;;;
RO023F;Constanţa;;;
RO024C;Iaşi;;;
RO024F;Iaşi;;;
RO025C;Galaţi;;;
RO025F;Galaţi;;;
RO026C;Braşov;;;
RO026F;Braşov;;;
RO027C;Ploieşti;;;
RO027F;Ploieşti;;;
RO028C;Piteşti;;;
RO028F;Piteşti;;;
RO029C;Baia Mare;;;
RO029F;Baia Mare;;;
RO030C;Buzău;;;
RO030F;Buzău;;;
RO031C;Satu Mare;;;
RO031F;Satu Mare;;;
RO032C;Botoşani;;;
RO032F;Botoşani;;;
RO033C;Râmnicu Vâlcea;;;
RO033F;Râmnicu Vâlcea;;;
RO034C;Suceava;;;
RO034F;Suceava;;;
RO035C;Drobeta-Turnu Severin;;;
RO035F;Drobeta-Turnu Severin;;;
SE;Sverige;;;
SE001C;Stockholm;;;
SE001F;Stockholm;;;
SE002C;Göteborg;;;
SE002F;Göteborg;;;
SE003C;Malmö;;;
SE003F;Malmö;;;
SE004C;Jönköping;;;
SE004F;Jönköping;;;
SE005C;Umeå;;;
SE005F;Umeå;;;
SE006C;Uppsala;;;
SE006F;Uppsala;;;
SE007C;Linköping;;;
SE007F;Linköping;;;
SE008C;Örebro;;;
SE008F;Örebro;;;
SE009C;Södertälje;;;
SE010C;Västerås;;;
SE010F;Västerås;;;
SE011C;Norrköping;;;
SE011F;Norrköping;;;
SE012C;Helsingborg;;;
SE012F;Helsingborg;;;
SE013C;Lund;;;
SE014C;Borås;;;
SE014F;Borås;;;
SI;Slovenija;;;
SI001C;Ljubljana;;;
SI001F;Osrednjeslovenska;;;
SI002C;Maribor;;;
SI002F;Podravska;;;
SK;Slovenská republika;;;
SK001C;Bratislava;;;
SK001F;Bratislava;;;
SK002C;Košice;;;
SK002F;Košice;;;
SK003C;Banská Bystrica;;;
SK003F;Banská Bystrica;;;
SK004C;Nitra;;;
SK004F;Nitra;;;
SK005C;Prešov;;;
SK005F;Prešov;;;
SK006C;Žilina;;;
SK006F;Žilina;;;
SK007C;Trnava;;;
SK007F;Trnava;;;
SK008C;Trenčín;;;
SK008F;Trenčín;;;
TR;Türkiye;;;
TR001C;Ankara;;;
TR001F;Ankara;;;
TR002C;Adana;;;
TR002F;Adana;;;
TR003C;Antalya;;;
TR003F;Antalya;;;
TR004C;Balıkesir;;;
TR004F;Balıkesir;;;
TR005C;Bursa;;;
TR005F;Bursa;;;
TR006C;Denizli;;;
TR006F;Denizli;;;
TR007C;Diyarbakır;;;
TR007F;Diyarbakır;;;
TR008C;Edirne;;;
TR008F;Edirne;;;
TR009C;Erzurum;;;
TR009F;Erzurum;;;
TR010C;Gaziantep;;;
TR010F;Gaziantep;;;
TR011C;Hatay;;;
TR011F;Hatay;;;
TR012C;İstanbul;;;
TR012F;İstanbul;;;
TR013C;İzmir;;;
TR013F;İzmir;;;
TR014C;Kars;;;
TR014F;Kars;;;
TR015C;Kastamonu;;;
TR015F;Kastamonu;;;
TR016C;Kayseri;;;
TR016F;Kayseri;;;
TR017C;Kocaeli;;;
TR017F;Kocaeli;;;
TR018C;Konya;;;
TR018F;Konya;;;
TR019C;Malatya;;;
TR019F;Malatya;;;
TR020C;Manisa;;;
TR020F;Manisa;;;
TR021C;Nevşehir;;;
TR021F;Nevşehir;;;
TR022C;Samsun;;;
TR022F;Samsun;;;
TR023C;Siirt;;;
TR023F;Siirt;;;
TR024C;Trabzon;;;
TR024F;Trabzon;;;
TR025C;Van;;;
TR025F;Van;;;
TR026C;Zonguldak;;;
TR026F;Zonguldak;;;
UK;United Kingdom;;;
UK001C;London;;;
UK001F;London;;;
UK002C;Birmingham;;;
UK002F;West Midlands urban area;;;
UK003C;Leeds;;;
UK003F;Leeds;;;
UK004C;Glasgow;;;
UK004F;Glasgow;;;
UK005C;Bradford;;;
UK006C;Liverpool;;;
UK006F;Liverpool;;;
UK007C;Edinburgh;;;
UK007F;Edinburgh;;;
UK008C;Manchester;;;
UK008F;Manchester;;;
UK009C;Cardiff;;;
UK009F;Cardiff;;;
UK010C;Sheffield;;;
UK010F;Sheffield;;;
UK011C;Bristol;;;
UK011F;Bristol;;;
UK012C;Belfast;;;
UK012F;Belfast;;;
UK013C;Newcastle upon Tyne;;;
UK013F;Tyneside conurbation;;;
UK014C;Leicester;;;
UK014F;Leicester;;;
UK015C;Aberdeen;;;
UK015F;Aberdeen;;;
UK016C;Cambridge;;;
UK016F;Cambridge;;;
UK017C;Exeter;;;
UK017F;Exeter;;;
UK018C;Lincoln;;;
UK018F;Lincoln;;;
UK019C;Gravesham;;;
UK020C;Stevenage;;;
UK020F;Stevenage;;;
UK021C;Wrexham;;;
UK021F;Wrexham;;;
UK022C;Portsmouth;;;
UK022F;Portsmouth;;;
UK023C;Worcester;;;
UK023F;Worcester;;;
UK024C;Coventry;;;
UK024F;Coventry;;;
UK025C;Kingston-upon-Hull;;;
UK025F;Kingston-upon-Hull;;;
UK026C;Stoke-on-Trent;;;
UK026F;Stoke-on-Trent;;;
UK027C;Wolverhampton;;;
UK028C;Nottingham;;;
UK028F;Nottingham;;;
UK029C;Wirral;;;
UK030C;Bath and North East Somerset;;;
UK030F;Bath and North East Somerset;;;
UK031C;Thurrock;;;
UK032C;Guildford;;;
UK032F;Guildford;;;
UK033C;Thanet;;;
UK034C;Nuneaton and Bedworth;;;
UK035C;Tunbridge Wells;;;
UK036C;Ashford;;;
UK036F;Ashford;;;
UK037C;East Staffordshire;;;
UK037F;East Staffordshire;;;
UK038C;Darlington;;;
UK038F;Darlington;;;
UK039C;Worthing;;;
UK039F;Worthing;;;
UK040C;Mansfield;;;
UK040F;Mansfield;;;
UK041C;Chesterfield;;;
UK041F;Chesterfield;;;
UK042C;Burnley;;;
UK042F;Burnley;;;
UK043C;Great Yarmouth;;;
UK043F;Great Yarmouth;;;
UK044C;Woking;;;
UK045C;Hartlepool;;;
UK046C;Cannock Chase;;;
UK047C;Eastbourne;;;
UK047F;Eastbourne;;;
UK048C;Hastings;;;
UK048F;Hastings;;;
UK049C;Hyndburn;;;
UK050C;Redditch;;;
UK050F;Redditch;;;
UK051C;Tamworth;;;
UK052C;Harlow;;;
UK053C;Halton;;;
UK053F;Halton;;;
UK054C;Kirklees;;;
UK055C;North Lanarkshire (Airdrie/Bellshill/Coatbridge/Motherwell);;;
UK056C;Wakefield;;;
UK057C;Dudley;;;
UK058C;Wigan;;;
UK059C;Doncaster;;;
UK059F;Doncaster;;;
UK060C;Stockport;;;
UK061C;Sefton;;;
UK062C;Sandwell;;;
UK063C;Sunderland;;;
UK063F;Sunderland;;;
UK064C;Bolton;;;
UK065C;Walsall;;;
UK066C;Medway;;;
UK066F;Medway;;;
UK067C;Rotherham;;;
UK068C;Brighton and Hove;;;
UK068F;Brighton and Hove;;;
UK069C;Plymouth;;;
UK069F;Plymouth;;;
UK070C;Swansea;;;
UK070F;Swansea;;;
UK071C;Derby;;;
UK071F;Derby;;;
UK072C;Barnsley;;;
UK073C;Southampton;;;
UK073F;Southampton;;;
UK074C;Oldham;;;
UK075C;Salford;;;
UK076C;Tameside;;;
UK077C;Trafford;;;
UK078C;Milton Keynes;;;
UK078F;Milton Keynes;;;
UK079C;Rochdale;;;
UK080C;Solihull;;;
UK081C;Northampton;;;
UK081F;Northampton;;;
UK082C;North Tyneside;;;
UK083C;Gateshead;;;
UK084C;Warrington;;;
UK084F;Warrington;;;
UK085C;Luton;;;
UK085F;Luton;;;
UK086C;York;;;
UK086F;York;;;
UK087C;Bury;;;
UK088C;Swindon;;;
UK088F;Swindon;;;
UK089C;Stockton-on-Tees;;;
UK090C;St. Helens;;;
UK091C;Basildon;;;
UK092C;Bournemouth;;;
UK092F;Bournemouth;;;
UK093C;Southend-on-Sea;;;
UK094C;Telford and Wrekin;;;
UK094F;Telford and Wrekin;;;
UK095C;North East Lincolnshire;;;
UK095F;North East Lincolnshire;;;
UK096C;Chelmsford;;;
UK097C;Peterborough;;;
UK097F;Peterborough;;;
UK098C;Colchester;;;
UK098F;Colchester;;;
UK099C;South Tyneside;;;
UK100C;Basingstoke and Deane;;;
UK100F;Basingstoke and Deane;;;
UK101C;Bedford;;;
UK101F;Bedford;;;
UK102C;Dundee City;;;
UK102F;Dundee;;;
UK103C;Falkirk;;;
UK103F;Falkirk;;;
UK104C;Reading;;;
UK104F;Reading;;;
UK105C;Blackpool;;;
UK105F;Blackpool;;;
UK106C;Maidstone;;;
UK106F;Maidstone;;;
UK107C;Dacorum;;;
UK107F;Dacorum;;;
UK108C;Blackburn with Darwen;;;
UK108F;Blackburn with Darwen;;;
UK109C;Newport;;;
UK109F;Newport;;;
UK110C;Middlesbrough;;;
UK110F;Middlesbrough;;;
UK111C;Oxford;;;
UK111F;Oxford;;;
UK112C;Torbay;;;
UK112F;Torbay;;;
UK113C;Preston;;;
UK113F;Preston;;;
UK114C;St Albans;;;
UK115C;Warwick;;;
UK116C;Newcastle-under-Lyme;;;
UK117C;Norwich;;;
UK117F;Norwich;;;
UK118C;Slough;;;
UK118F;Slough;;;
UK119C;Cheshire West and Chester;;;
UK119F;Cheshire West and Chester;;;
UK120C;Ipswich;;;
UK120F;Ipswich;;;
UK121C;Cheltenham;;;
UK121F;Cheltenham;;;
UK122C;Gloucester;;;
UK122F;Gloucester;;;
UK123C;Bracknell Forest;;;
UK123F;Bracknell Forest;;;
UK124C;Carlisle;;;
UK124F;Carlisle;;;
UK125C;Crawley;;;
UK125F;Crawley;;;
UK126C;Watford;;;
UK127C;Gosport;;;
UK128C;Eastleigh;;;
UK129C;Rushmoor;;;
UK129F;Rushmoor;;;
UK130C;Rugby;;;
UK131C;Corby;;;
UK131F;Corby;;;
UK132C;Kettering;;;
UK132F;Kettering;;;
UK133C;Inverclyde (Greenock);;;
UK134C;Renfrewshire (Paisley);;;
UK135C;Derry & Strabane Local Government District;;;
UK135F;Derry & Strabane Local Government District;;;
